name,eyeColor,hairColor,height,weight,passportId,nationality,coordX,coordY,locationName,locationX,locationY
IP 1,GREEN,BLACK,180,75,IP001,USA,10,10,ILoc 1,100,100
IP 2,GREEN,BLACK,180,75,IP002,USA,10,10,ILoc 2,100,100
IP 3,GREEN,BLACK,180,75,IP003,USA,10,10,ILoc 3,100,100
IP 4,GREEN,BLACK,180,75,IP004,USA,10,10,ILoc 4,100,100
IP 5,GREEN,BLACK,180,75,IP005,USA,10,10,ILoc 5,100,100
IP 6,GREEN,BLACK,180,75,IP006,USA,10,10,ILoc 6,100,100
IP 7,GREEN,BLACK,180,75,IP007,USA,10,10,ILoc 7,100,100
IP 8,GREEN,BLACK,180,75,IP008,USA,10,10,ILoc 8,100,100
IP 9,GREEN,BLACK,180,75,IP009,USA,10,10,ILoc 9,100,100
IP 10,GREEN,BLACK,180,75,IP0010,USA,10,10,ILoc 10,100,100
IP 11,GREEN,BLACK,180,75,IP0011,USA,10,10,ILoc 11,100,100
IP 12,GREEN,BLACK,180,75,IP0012,USA,10,10,ILoc 12,100,100
IP 13,GREEN,BLACK,180,75,IP0013,USA,10,10,ILoc 13,100,100
IP 14,GREEN,BLACK,180,75,IP0014,USA,10,10,ILoc 14,100,100
IP 15,GREEN,BLACK,180,75,IP0015,USA,10,10,ILoc 15,100,100
IP 16,GREEN,BLACK,180,75,IP0016,USA,10,10,ILoc 16,100,100
IP 17,GREEN,BLACK,180,75,IP0017,USA,10,10,ILoc 17,100,100
IP 18,GREEN,BLACK,180,75,IP0018,USA,10,10,ILoc 18,100,100
IP 19,GREEN,BLACK,180,75,IP0019,USA,10,10,ILoc 19,100,100
IP 20,GREEN,BLACK,180,75,IP0020,USA,10,10,ILoc 20,100,100
IP 21,GREEN,BLACK,180,75,IP0021,USA,10,10,ILoc 21,100,100
IP 22,GREEN,BLACK,180,75,IP0022,USA,10,10,ILoc 22,100,100
IP 23,GREEN,BLACK,180,75,IP0023,USA,10,10,ILoc 23,100,100
IP 24,GREEN,BLACK,180,75,IP0024,USA,10,10,ILoc 24,100,100
IP 25,GREEN,BLACK,180,75,IP0025,USA,10,10,ILoc 25,100,100
IP 26,GREEN,BLACK,180,75,IP0026,USA,10,10,ILoc 26,100,100
IP 27,GREEN,BLACK,180,75,IP0027,USA,10,10,ILoc 27,100,100
IP 28,GREEN,BLACK,180,75,IP0028,USA,10,10,ILoc 28,100,100
IP 29,GREEN,BLACK,180,75,IP0029,USA,10,10,ILoc 29,100,100
IP 30,GREEN,BLACK,180,75,IP0030,USA,10,10,ILoc 30,100,100
IP 31,GREEN,BLACK,180,75,IP0031,USA,10,10,ILoc 31,100,100
IP 32,GREEN,BLACK,180,75,IP0032,USA,10,10,ILoc 32,100,100
IP 33,GREEN,BLACK,180,75,IP0033,USA,10,10,ILoc 33,100,100
IP 34,GREEN,BLACK,180,75,IP0034,USA,10,10,ILoc 34,100,100
IP 35,GREEN,BLACK,180,75,IP0035,USA,10,10,ILoc 35,100,100
IP 36,GREEN,BLACK,180,75,IP0036,USA,10,10,ILoc 36,100,100
IP 37,GREEN,BLACK,180,75,IP0037,USA,10,10,ILoc 37,100,100
IP 38,GREEN,BLACK,180,75,IP0038,USA,10,10,ILoc 38,100,100
IP 39,GREEN,BLACK,180,75,IP0039,USA,10,10,ILoc 39,100,100
IP 40,GREEN,BLACK,180,75,IP0040,USA,10,10,ILoc 40,100,100
IP 41,GREEN,BLACK,180,75,IP0041,USA,10,10,ILoc 41,100,100
IP 42,GREEN,BLACK,180,75,IP0042,USA,10,10,ILoc 42,100,100
IP 43,GREEN,BLACK,180,75,IP0043,USA,10,10,ILoc 43,100,100
IP 44,GREEN,BLACK,180,75,IP0044,USA,10,10,ILoc 44,100,100
IP 45,GREEN,BLACK,180,75,IP0045,USA,10,10,ILoc 45,100,100
IP 46,GREEN,BLACK,180,75,IP0046,USA,10,10,ILoc 46,100,100
IP 47,GREEN,BLACK,180,75,IP0047,USA,10,10,ILoc 47,100,100
IP 48,GREEN,BLACK,180,75,IP0048,USA,10,10,ILoc 48,100,100
IP 49,GREEN,BLACK,180,75,IP0049,USA,10,10,ILoc 49,100,100
IP 50,GREEN,BLACK,180,75,IP0050,USA,10,10,ILoc 50,100,100
IP 51,GREEN,BLACK,180,75,IP0051,USA,10,10,ILoc 51,100,100
IP 52,GREEN,BLACK,180,75,IP0052,USA,10,10,ILoc 52,100,100
IP 53,GREEN,BLACK,180,75,IP0053,USA,10,10,ILoc 53,100,100
IP 54,GREEN,BLACK,180,75,IP0054,USA,10,10,ILoc 54,100,100
IP 55,GREEN,BLACK,180,75,IP0055,USA,10,10,ILoc 55,100,100
IP 56,GREEN,BLACK,180,75,IP0056,USA,10,10,ILoc 56,100,100
IP 57,GREEN,BLACK,180,75,IP0057,USA,10,10,ILoc 57,100,100
IP 58,GREEN,BLACK,180,75,IP0058,USA,10,10,ILoc 58,100,100
IP 59,GREEN,BLACK,180,75,IP0059,USA,10,10,ILoc 59,100,100
IP 60,GREEN,BLACK,180,75,IP0060,USA,10,10,ILoc 60,100,100
IP 61,GREEN,BLACK,180,75,IP0061,USA,10,10,ILoc 61,100,100
IP 62,GREEN,BLACK,180,75,IP0062,USA,10,10,ILoc 62,100,100
IP 63,GREEN,BLACK,180,75,IP0063,USA,10,10,ILoc 63,100,100
IP 64,GREEN,BLACK,180,75,IP0064,USA,10,10,ILoc 64,100,100
IP 65,GREEN,BLACK,180,75,IP0065,USA,10,10,ILoc 65,100,100
IP 66,GREEN,BLACK,180,75,IP0066,USA,10,10,ILoc 66,100,100
IP 67,GREEN,BLACK,180,75,IP0067,USA,10,10,ILoc 67,100,100
IP 68,GREEN,BLACK,180,75,IP0068,USA,10,10,ILoc 68,100,100
IP 69,GREEN,BLACK,180,75,IP0069,USA,10,10,ILoc 69,100,100
IP 70,GREEN,BLACK,180,75,IP0070,USA,10,10,ILoc 70,100,100
IP 71,GREEN,BLACK,180,75,IP0071,USA,10,10,ILoc 71,100,100
IP 72,GREEN,BLACK,180,75,IP0072,USA,10,10,ILoc 72,100,100
IP 73,GREEN,BLACK,180,75,IP0073,USA,10,10,ILoc 73,100,100
IP 74,GREEN,BLACK,180,75,IP0074,USA,10,10,ILoc 74,100,100
IP 75,GREEN,BLACK,180,75,IP0075,USA,10,10,ILoc 75,100,100
IP 76,GREEN,BLACK,180,75,IP0076,USA,10,10,ILoc 76,100,100
IP 77,GREEN,BLACK,180,75,IP0077,USA,10,10,ILoc 77,100,100
IP 78,GREEN,BLACK,180,75,IP0078,USA,10,10,ILoc 78,100,100
IP 79,GREEN,BLACK,180,75,IP0079,USA,10,10,ILoc 79,100,100
IP 80,GREEN,BLACK,180,75,IP0080,USA,10,10,ILoc 80,100,100
IP 81,GREEN,BLACK,180,75,IP0081,USA,10,10,ILoc 81,100,100
IP 82,GREEN,BLACK,180,75,IP0082,USA,10,10,ILoc 82,100,100
IP 83,GREEN,BLACK,180,75,IP0083,USA,10,10,ILoc 83,100,100
IP 84,GREEN,BLACK,180,75,IP0084,USA,10,10,ILoc 84,100,100
IP 85,GREEN,BLACK,180,75,IP0085,USA,10,10,ILoc 85,100,100
IP 86,GREEN,BLACK,180,75,IP0086,USA,10,10,ILoc 86,100,100
IP 87,GREEN,BLACK,180,75,IP0087,USA,10,10,ILoc 87,100,100
IP 88,GREEN,BLACK,180,75,IP0088,USA,10,10,ILoc 88,100,100
IP 89,GREEN,BLACK,180,75,IP0089,USA,10,10,ILoc 89,100,100
IP 90,GREEN,BLACK,180,75,IP0090,USA,10,10,ILoc 90,100,100
IP 91,GREEN,BLACK,180,75,IP0091,USA,10,10,ILoc 91,100,100
IP 92,GREEN,BLACK,180,75,IP0092,USA,10,10,ILoc 92,100,100
IP 93,GREEN,BLACK,180,75,IP0093,USA,10,10,ILoc 93,100,100
IP 94,GREEN,BLACK,180,75,IP0094,USA,10,10,ILoc 94,100,100
IP 95,GREEN,BLACK,180,75,IP0095,USA,10,10,ILoc 95,100,100
IP 96,GREEN,BLACK,180,75,IP0096,USA,10,10,ILoc 96,100,100
IP 97,GREEN,BLACK,180,75,IP0097,USA,10,10,ILoc 97,100,100
IP 98,GREEN,BLACK,180,75,IP0098,USA,10,10,ILoc 98,100,100
IP 99,GREEN,BLACK,180,75,IP0099,USA,10,10,ILoc 99,100,100
IP 100,GREEN,BLACK,180,75,IP00100,USA,10,10,ILoc 100,100,100
